RegionName,RegionType,City,CountyName,Metro,StateFullName,DataTypeDescription,2010-01,2010-02,2010-03,2010-04,2010-05,2010-06,2010-07,2010-08,2010-09,2010-10,2010-11,2010-12,2011-01,2011-02,2011-03,2011-04,2011-05,2011-06,2011-07,2011-08,2011-09,2011-10,2011-11,2011-12,2012-01,2012-02,2012-03,2012-04,2012-05,2012-06,2012-07,2012-08,2012-09,2012-10,2012-11,2012-12,2013-01,2013-02,2013-03,2013-04,2013-05,2013-06,2013-07,2013-08,2013-09,2013-10,2013-11,2013-12,2014-01,2014-02,2014-03,2014-04,2014-05,2014-06,2014-07,2014-08,2014-09,2014-10,2014-11,2014-12,2015-01,2015-02,2015-03,2015-04,2015-05,2015-06,2015-07,2015-08,2015-09,2015-10,2015-11,2015-12,2016-01,2016-02,2016-03,2016-04,2016-05,2016-06,2016-07,2016-08,2016-09,2016-10,2016-11,2016-12,2017-01,2017-02,2017-03,2017-04,2017-05,2017-06,2017-07,2017-08,2017-09,2017-10,2017-11,2017-12,2018-01,2018-02,2018-03,2018-04
78704,Zip,Austin,Travis,Austin,Texas,All Homes,345,353,351,339,324,314,298,273,258,256,258,253,246,243,247,251,243,232,224,213,198,184,175,171,172,175,170,158,149,139,129,123,127,138,138,131,122,105,89,87,93,94,91,96,102,102,107,114,110,103,99,89,77,82,99,106,98,91,100,119,131,133,134,137,145,154,162,167,172,178,177,171,172,184,198,206,209,207,204,209,215,213,207,208,212,213,216,224,236,240,238,239,240,236,222,203,189,181,181,180
78745,Zip,Austin,Travis,Austin,Texas,All Homes,199,202,217,233,241,244,237,225,222,231,243,248,254,258,254,251,252,253,240,214,197,184,170,165,161,151,139,125,116,105,97,96,91,84,75,68,66,66,64,58,56,55,56,60,60,59,61,64,59,53,49,47,46,46,45,46,51,54,54,54,55,60,69,76,75,71,76,84,83,81,78,70,69,71,70,70,72,79,89,98,109,115,117,123,125,118,109,106,103,100,101,102,101,99,99,98,94,94,99,101
78753,Zip,Austin,Travis,Austin,Texas,All Homes,132,133,136,133,126,123,121,120,122,121,117,113,114,116,114,113,113,111,108,102,92,85,82,77,71,71,70,68,68,64,58,54,47,41,39,38,38,39,37,34,35,35,33,30,29,29,27,25,23,21,20,20,21,25,29,33,40,44,44,45,42,35,30,31,34,37,39,37,35,36,40,43,45,43,43,44,39,36,37,42,45,45,41,40,42,42,39,37,36,31,26,25,27,27,29,31,30,33,38,37
78748,Zip,Austin,Travis,Austin,Texas,All Homes,263,270,287,295,297,307,314,317,323,326,316,304,309,316,319,331,332,313,287,262,244,232,226,224,225,218,200,179,166,156,142,127,115,108,105,104,103,108,113,109,99,89,81,81,86,88,93,101,99,89,77,66,58,58,67,70,68,72,79,83,83,84,84,85,90,96,103,109,109,111,112,106,98,96,99,102,109,119,127,133,138,135,120,114,118,115,108,107,113,118,124,134,137,131,131,128,118,113,120,129
78717,Zip,Austin,Travis,Austin,Texas,All Homes,173,173,172,166,159,160,159,153,158,169,174,176,184,188,189,191,186,175,160,147,136,127,122,116,109,105,104,102,99,95,88,81,77,75,75,74,73,73,70,64,58,51,48,53,57,57,54,54,54,49,45,47,49,52,59,70,74,70,67,63,57,56,60,62,67,78,85,85,80,76,77,76,75,74,72,70,71,67,62,63,61,60,65,70,72,74,82,86,84,88,95,94,95,100,97,93,92,88,83,77
78731,Zip,Austin,Travis,Austin,Texas,All Homes,173,176,184,196,199,196,197,199,202,202,196,190,186,185,191,198,202,202,197,187,175,165,157,154,156,156,144,126,112,104,99,96,88,80,78,78,77,73,66,61,64,65,61,59,61,63,64,63,60,55,51,48,42,41,46,48,47,49,56,59,56,55,57,58,57,57,57,57,58,60,63,67,69,69,71,74,77,82,86,90,98,101,95,92,95,96,95,97,101,98,92,89,88,89,84,79,77,79,81,82
78703,Zip,Austin,Travis,Austin,Texas,All Homes,226,228,232,232,225,220,214,209,207,206,203,197,193,193,196,204,208,206,199,185,172,161,152,146,139,130,124,117,110,103,94,90,90,92,90,86,83,80,77,72,68,66,67,72,73,69,66,65,62,55,51,46,39,37,37,37,41,46,53,60,64,66,67,70,75,78,84,84,77,75,78,82,86,89,87,84,85,89,93,98,102,100,96,98,102,104,104,106,111,111,107,109,114,116,111,102,97,98,97,97
78750,Zip,Austin,Travis,Austin,Texas,All Homes,160,157,156,154,153,153,151,148,149,149,144,137,135,141,150,154,153,154,149,137,128,122,120,121,120,111,100,91,87,82,78,81,82,80,79,75,69,67,69,69,60,49,48,50,49,47,47,49,51,50,45,40,40,39,39,41,44,44,45,48,48,45,39,37,39,40,40,39,39,42,44,44,45,50,56,62,67,68,67,67,66,65,65,64,63,63,63,63,65,72,79,77,73,72,68,59,55,56,56,55
78746,Zip,Austin,Travis,Austin,Texas,All Homes,273,274,273,271,268,269,269,265,264,264,263,261,255,250,255,261,262,256,243,224,203,185,177,178,179,186,194,192,187,184,180,175,171,167,162,155,146,138,133,130,123,117,118,122,125,125,124,123,122,113,100,90,82,81,86,94,105,115,119,118,119,120,113,110,116,121,124,127,129,133,136,134,138,147,158,163,164,165,166,167,166,166,170,172,170,167,168,175,181,178,173,170,167,160,154,156,159,155,145,136
78757,Zip,Austin,Travis,Austin,Texas,All Homes,139,150,167,179,184,190,189,180,172,164,155,146,142,140,137,129,122,118,116,112,109,107,106,109,110,100,86,76,70,66,64,63,61,55,51,53,54,53,50,44,35,27,24,27,30,33,38,40,39,35,31,30,30,30,29,28,28,28,30,34,42,45,46,48,50,48,46,42,40,43,45,44,45,48,51,53,52,52,55,57,60,63,62,58,56,57,58,62,72,79,83,86,85,79,72,67,61,58,60,63
78702,Zip,Austin,Travis,Austin,Texas,All Homes,164,166,172,179,182,177,164,147,138,136,133,132,134,134,133,134,134,129,123,116,106,97,90,83,74,68,66,62,58,55,51,49,49,48,49,50,49,46,45,47,49,47,44,44,46,48,50,56,66,70,69,62,50,45,46,47,48,50,53,58,65,73,79,82,86,89,88,87,89,94,98,98,95,94,93,93,95,104,121,138,146,150,153,154,154,147,137,131,134,142,147,149,147,138,128,116,104,102,104,103
78751,Zip,Austin,Travis,Austin,Texas,All Homes,91,94,100,103,104,104,97,88,86,87,89,91,93,97,103,102,97,96,96,93,90,85,76,68,61,54,49,46,42,39,39,38,35,31,30,33,35,32,29,31,34,34,34,34,31,28,27,28,29,30,28,23,20,17,15,16,18,21,25,28,29,29,27,27,29,30,31,34,37,39,40,39,39,41,41,39,38,41,47,50,50,52,53,49,46,45,44,47,49,48,45,43,43,42,39,37,37,36,36,37
78747,Zip,Austin,Travis,Austin,Texas,All Homes,92,95,101,102,97,98,104,106,110,119,127,130,127,122,116,114,118,120,111,96,85,80,80,83,86,86,82,77,72,64,61,69,78,80,74,67,64,64,65,66,71,72,68,63,59,55,56,57,59,60,62,61,57,56,61,66,65,61,61,60,59,60,60,58,56,52,50,50,48,47,47,47,44,41,44,46,45,50,58,62,64,64,59,57,59,57,53,54,58,59,55,50,50,53,55,55,53,52,52,59
78726,Zip,Austin,Travis,Austin,Texas,All Homes,49,53,58,61,60,57,53,48,40,37,37,40,43,45,52,60,64,64,56,44,39,38,36,34,35,33,27,21,19,22,28,37,42,40,39,39,37,33,30,27,25,23,23,24,26,27,30,30,29,29,30,28,23,22,25,28,30,32,32,30,29,29,30,30,30,32,35,36,37,38,40,41,42,40,34,29,30,32,30,27,25,23,22,24,27,30,33,40,47,46,43,41,41,41,40,38,37,38,39,41
78732,Zip,Austin,Travis,Austin,Texas,All Homes,270,260,251,251,253,246,237,246,261,262,265,272,273,270,272,279,283,292,288,255,235,235,227,215,212,211,203,184,165,152,152,157,154,144,137,132,125,116,101,86,83,85,86,88,90,89,90,92,94,97,103,106,106,106,104,99,95,94,99,103,103,106,115,125,133,136,133,129,124,122,118,111,106,101,97,94,90,88,91,101,110,112,108,104,103,107,114,120,117,107,104,106,103,99,99,94,86,80,75,71
78730,Zip,Austin,Travis,Austin,Texas,All Homes,161,158,157,162,172,180,178,164,151,148,151,151,147,146,149,147,138,129,128,133,135,133,131,126,121,122,122,116,112,111,107,101,94,86,80,81,82,76,67,63,62,56,51,54,60,61,56,53,53,55,55,51,48,48,49,49,48,49,52,54,53,47,45,48,48,48,50,49,45,45,46,46,46,47,47,45,42,43,47,49,52,53,51,49,49,50,53,56,60,59,53,50,52,52,50,49,50,50,47,46
78736,Zip,Austin,Travis,Austin,Texas,All Homes,51,51,48,44,44,46,50,53,54,54,51,49,51,55,59,61,61,61,60,59,61,61,57,52,49,45,44,45,45,44,44,42,37,32,31,30,29,28,28,27,26,25,24,23,24,25,27,31,35,36,36,34,32,32,30,27,23,20,20,21,20,19,21,24,26,27,28,31,36,38,36,29,24,25,26,24,23,23,22,20,21,25,29,33,33,30,25,23,23,21,20,22,21,18,18,20,22,22,21,22
78733,Zip,Austin,Travis,Austin,Texas,All Homes,121,114,107,107,108,106,104,107,113,117,116,111,104,101,105,111,114,115,111,99,89,86,85,81,77,76,74,67,59,56,57,58,54,46,41,40,40,39,40,42,41,37,30,26,29,33,34,33,33,31,28,25,26,30,34,37,38,38,41,46,50,51,49,45,41,39,40,42,44,44,42,40,42,44,43,41,40,39,43,46,45,44,42,40,40,40,43,48,53,52,49,46,43,43,44,43,39,36,36,36
